what,kind,bundleId,bundleVersion,description,time
activated,workbench,org.eclipse.ui.workbench,3.7.0.I20110519-0100,"",1359603197625
executed,command,org.eclipse.ui,3.7.0.I20110602-0100,"org.eclipse.ui.edit.paste",1359603200328
executed,command,org.eclipse.ui,3.7.0.I20110602-0100,"org.eclipse.ui.file.save",1359603228571
deactivated,workbench,org.eclipse.ui.workbench,3.7.0.I20110519-0100,"",1359603231193
activated,workbench,org.eclipse.ui.workbench,3.7.0.I20110519-0100,"",1359603268350
deactivated,workbench,org.eclipse.ui.workbench,3.7.0.I20110519-0100,"",1359603269213
activated,workbench,org.eclipse.ui.workbench,3.7.0.I20110519-0100,"",1359603273807
executed,command,org.eclipse.ui,3.7.0.I20110602-0100,"org.eclipse.ui.edit.paste",1359603278182
executed,command,org.eclipse.ui,3.7.0.I20110602-0100,"org.eclipse.ui.file.save",1359603309928
deactivated,workbench,org.eclipse.ui.workbench,3.7.0.I20110519-0100,"",1359603310967
activated,workbench,org.eclipse.ui.workbench,3.7.0.I20110519-0100,"",1359603365300
deactivated,workbench,org.eclipse.ui.workbench,3.7.0.I20110519-0100,"",1359603366530
activated,workbench,org.eclipse.ui.workbench,3.7.0.I20110519-0100,"",1359603377924
executed,command,org.eclipse.ui,3.7.0.I20110602-0100,"org.eclipse.ui.edit.paste",1359603381803
deactivated,workbench,org.eclipse.ui.workbench,3.7.0.I20110519-0100,"",1359603406040
activated,workbench,org.eclipse.ui.workbench,3.7.0.I20110519-0100,"",1359603441873
executed,command,org.eclipse.ui,3.7.0.I20110602-0100,"org.eclipse.ui.file.save",1359603449325
deactivated,workbench,org.eclipse.ui.workbench,3.7.0.I20110519-0100,"",1359603449899
activated,workbench,org.eclipse.ui.workbench,3.7.0.I20110519-0100,"",1359603454417
executed,command,org.eclipse.ui,3.7.0.I20110602-0100,"org.eclipse.ui.edit.paste",1359603458454
deactivated,workbench,org.eclipse.ui.workbench,3.7.0.I20110519-0100,"",1359603463417
activated,workbench,org.eclipse.ui.workbench,3.7.0.I20110519-0100,"",1359603476185
deactivated,workbench,org.eclipse.ui.workbench,3.7.0.I20110519-0100,"",1359603486517
activated,workbench,org.eclipse.ui.workbench,3.7.0.I20110519-0100,"",1359603526511
executed,command,org.eclipse.ui,3.7.0.I20110602-0100,"org.eclipse.ui.file.save",1359603554089
deactivated,workbench,org.eclipse.ui.workbench,3.7.0.I20110519-0100,"",1359603555980
activated,workbench,org.eclipse.ui.workbench,3.7.0.I20110519-0100,"",1359603630773
deactivated,workbench,org.eclipse.ui.workbench,3.7.0.I20110519-0100,"",1359603632340
activated,workbench,org.eclipse.ui.workbench,3.7.0.I20110519-0100,"",1359603667634
deactivated,workbench,org.eclipse.ui.workbench,3.7.0.I20110519-0100,"",1359603669281
activated,workbench,org.eclipse.ui.workbench,3.7.0.I20110519-0100,"",1359603673907
executed,command,org.eclipse.ui,3.7.0.I20110602-0100,"org.eclipse.ui.edit.paste",1359603676818
deactivated,workbench,org.eclipse.ui.workbench,3.7.0.I20110519-0100,"",1359603702341
activated,workbench,org.eclipse.ui.workbench,3.7.0.I20110519-0100,"",1359603708577
executed,command,org.eclipse.ui,3.7.0.I20110602-0100,"org.eclipse.ui.edit.paste",1359603711579
executed,command,org.eclipse.ui,3.7.0.I20110602-0100,"org.eclipse.ui.file.save",1359603738778
deactivated,workbench,org.eclipse.ui.workbench,3.7.0.I20110519-0100,"",1359603739446
activated,workbench,org.eclipse.ui.workbench,3.7.0.I20110519-0100,"",1359603743186
deactivated,workbench,org.eclipse.ui.workbench,3.7.0.I20110519-0100,"",1359603743566
activated,workbench,org.eclipse.ui.workbench,3.7.0.I20110519-0100,"",1359603747960
executed,command,org.eclipse.ui,3.7.0.I20110602-0100,"org.eclipse.ui.edit.paste",1359603753889
executed,command,org.eclipse.ui,3.7.0.I20110602-0100,"org.eclipse.ui.file.save",1359603779267
deactivated,workbench,org.eclipse.ui.workbench,3.7.0.I20110519-0100,"",1359603779942
activated,workbench,org.eclipse.ui.workbench,3.7.0.I20110519-0100,"",1359603785170
deactivated,workbench,org.eclipse.ui.workbench,3.7.0.I20110519-0100,"",1359603785773
activated,workbench,org.eclipse.ui.workbench,3.7.0.I20110519-0100,"",1359603790006
executed,command,org.eclipse.ui,3.7.0.I20110602-0100,"org.eclipse.ui.edit.paste",1359603792783
executed,command,org.eclipse.ui,3.7.0.I20110602-0100,"org.eclipse.ui.file.save",1359603821279
deactivated,workbench,org.eclipse.ui.workbench,3.7.0.I20110519-0100,"",1359603825043
activated,workbench,org.eclipse.ui.workbench,3.7.0.I20110519-0100,"",1359603919492
deactivated,workbench,org.eclipse.ui.workbench,3.7.0.I20110519-0100,"",1359603921009
activated,workbench,org.eclipse.ui.workbench,3.7.0.I20110519-0100,"",1359603925442
deactivated,workbench,org.eclipse.ui.workbench,3.7.0.I20110519-0100,"",1359603926913
activated,workbench,org.eclipse.ui.workbench,3.7.0.I20110519-0100,"",1359603958705
executed,command,org.eclipse.ui,3.7.0.I20110602-0100,"org.eclipse.ui.edit.paste",1359603962099
deactivated,workbench,org.eclipse.ui.workbench,3.7.0.I20110519-0100,"",1359603987774
activated,workbench,org.eclipse.ui.workbench,3.7.0.I20110519-0100,"",1359603991120
executed,command,org.eclipse.ui,3.7.0.I20110602-0100,"org.eclipse.ui.edit.paste",1359603994816
executed,command,org.eclipse.ui,3.7.0.I20110602-0100,"org.eclipse.ui.file.save",1359604024752
deactivated,workbench,org.eclipse.ui.workbench,3.7.0.I20110519-0100,"",1359604032626
activated,workbench,org.eclipse.ui.workbench,3.7.0.I20110519-0100,"",1359604494900
closed,workbench,org.eclipse.ui.workbench,3.7.0.I20110519-0100,"",1359604497485
started,bundle,org.eclipse.compare,3.5.201.R37x_v20110817-0800,"org.eclipse.compare",1359604498036
stopped,bundle,org.eclipse.m2e.logback.configuration,1.0.100.20110804-1717,"org.eclipse.m2e.logback.configuration",1359604498576
stopped,bundle,org.eclipse.m2e.discovery,1.0.100.20110804-1717,"org.eclipse.m2e.discovery",1359604498669
stopped,bundle,org.eclipse.m2e.refactoring,1.0.100.20110804-1717,"org.eclipse.m2e.refactoring",1359604498685
activated,perspective,org.eclipse.jdt.ui,,"org.eclipse.jdt.ui.JavaPerspective",1359674909228
started,bundle,org.eclipse.osgi,3.7.1.R37x_v20110808-1106,"org.eclipse.osgi",1359674909229
started,bundle,org.eclipse.equinox.simpleconfigurator,1.0.200.v20110502-1955,"org.eclipse.equinox.simpleconfigurator",1359674909229
started,bundle,com.ibm.icu,4.4.2.v20110208,"com.ibm.icu",1359674909230
started,bundle,org.eclipse.compare.core,3.5.200.I20110208-0800,"org.eclipse.compare.core",1359674909230
started,bundle,org.eclipse.core.contenttype,3.4.100.v20110423-0524,"org.eclipse.core.contenttype",1359674909230
started,bundle,org.eclipse.core.databinding.observable,1.4.0.I20110222-0800,"org.eclipse.core.databinding.observable",1359674909231
started,bundle,org.eclipse.core.expressions,3.4.300.v20110228,"org.eclipse.core.expressions",1359674909231
started,bundle,org.eclipse.core.filebuffers,3.5.200.v20110505-0800,"org.eclipse.core.filebuffers",1359674909231
started,bundle,org.eclipse.core.filesystem,1.3.100.v20110423-0524,"org.eclipse.core.filesystem",1359674909232
started,bundle,org.eclipse.core.jobs,3.5.100.v20110404,"org.eclipse.core.jobs",1359674909232
started,bundle,org.eclipse.core.net,1.2.100.I20110511-0800,"org.eclipse.core.net",1359674909233
started,bundle,org.eclipse.core.resources,3.7.100.v20110510-0712,"org.eclipse.core.resources",1359674909233
started,bundle,org.eclipse.core.runtime,3.7.0.v20110110,"org.eclipse.core.runtime",1359674909233
started,bundle,org.eclipse.core.runtime.compatibility,3.2.100.v20100505,"org.eclipse.core.runtime.compatibility",1359674909234
started,bundle,org.eclipse.core.runtime.compatibility.auth,3.2.200.v20110110,"org.eclipse.core.runtime.compatibility.auth",1359674909234
started,bundle,org.eclipse.core.variables,3.2.500.v20110511,"org.eclipse.core.variables",1359674909234
started,bundle,org.eclipse.debug.core,3.7.0.v20110518,"org.eclipse.debug.core",1359674909235
started,bundle,org.eclipse.egit.core,1.1.0.201109151100-r,"org.eclipse.egit.core",1359674909236
started,bundle,org.eclipse.egit.ui,1.1.0.201109151100-r,"org.eclipse.egit.ui",1359674909238
started,bundle,org.eclipse.epp.mpc.ui,1.1.1.I20110907-0947,"org.eclipse.epp.mpc.ui",1359674909238
started,bundle,org.eclipse.epp.usagedata.gathering,1.3.1.R201106061540,"org.eclipse.epp.usagedata.gathering",1359674909238
started,bundle,org.eclipse.epp.usagedata.recording,1.3.1.R201106061540,"org.eclipse.epp.usagedata.recording",1359674909238
started,bundle,org.eclipse.equinox.app,1.3.100.v20110321,"org.eclipse.equinox.app",1359674909240
started,bundle,org.eclipse.equinox.common,3.6.0.v20110523,"org.eclipse.equinox.common",1359674909240
started,bundle,org.eclipse.equinox.ds,1.3.1.R37x_v20110701,"org.eclipse.equinox.ds",1359674909241
started,bundle,org.eclipse.equinox.event,1.2.100.v20110502,"org.eclipse.equinox.event",1359674909241
started,bundle,org.eclipse.equinox.p2.core,2.1.0.v20110502-1955,"org.eclipse.equinox.p2.core",1359674909243
started,bundle,org.eclipse.equinox.p2.directorywatcher,1.0.300.v20110502-1955,"org.eclipse.equinox.p2.directorywatcher",1359674909243
started,bundle,org.eclipse.equinox.p2.engine,2.1.0.v20110511,"org.eclipse.equinox.p2.engine",1359674909245
started,bundle,org.eclipse.equinox.p2.metadata,2.1.0.v20110510,"org.eclipse.equinox.p2.metadata",1359674909247
started,bundle,org.eclipse.equinox.p2.metadata.repository,1.2.0.v20110511-1359,"org.eclipse.equinox.p2.metadata.repository",1359674909248
started,bundle,org.eclipse.equinox.p2.operations,2.1.0.v20110511-1821,"org.eclipse.equinox.p2.operations",1359674909248
started,bundle,org.eclipse.equinox.p2.reconciler.dropins,1.1.100.v20110510,"org.eclipse.equinox.p2.reconciler.dropins",1359674909248
started,bundle,org.eclipse.equinox.p2.repository,2.1.0.v20110601,"org.eclipse.equinox.p2.repository",1359674909250
started,bundle,org.eclipse.equinox.p2.ui.sdk.scheduler,1.0.100.v20110502-1955,"org.eclipse.equinox.p2.ui.sdk.scheduler",1359674909251
started,bundle,org.eclipse.equinox.p2.updatechecker,1.1.200.v20110502-1955,"org.eclipse.equinox.p2.updatechecker",1359674909254
started,bundle,org.eclipse.equinox.preferences,3.4.1.R37x_v20110725,"org.eclipse.equinox.preferences",1359674909254
started,bundle,org.eclipse.equinox.registry,3.5.101.R37x_v20110810-1611,"org.eclipse.equinox.registry",1359674909255
started,bundle,org.eclipse.equinox.security,1.1.1.R37x_v20110822-1018,"org.eclipse.equinox.security",1359674909256
started,bundle,org.eclipse.equinox.util,1.0.300.v20110502,"org.eclipse.equinox.util",1359674909256
started,bundle,org.eclipse.help,3.5.100.v20110426,"org.eclipse.help",1359674909257
started,bundle,org.eclipse.jdt.apt.core,3.3.500.v20110420-1015,"org.eclipse.jdt.apt.core",1359674909257
started,bundle,org.eclipse.jdt.apt.pluggable.core,1.0.400.v20110305-1450,"org.eclipse.jdt.apt.pluggable.core",1359674909258
started,bundle,org.eclipse.jdt.core,3.7.1.v_B76_R37x,"org.eclipse.jdt.core",1359674909258
started,bundle,org.eclipse.jdt.core.manipulation,1.4.0.v20110505-0800,"org.eclipse.jdt.core.manipulation",1359674909258
started,bundle,org.eclipse.jdt.junit,3.7.0.v20110505-0800,"org.eclipse.jdt.junit",1359674909259
started,bundle,org.eclipse.jdt.launching,3.6.1.v20110803_r371,"org.eclipse.jdt.launching",1359674909259
started,bundle,org.eclipse.jdt.launching.macosx,3.2.100.v20110509,"org.eclipse.jdt.launching.macosx",1359674909259
started,bundle,org.eclipse.jdt.ui,3.7.1.r371_v20110824-0800,"org.eclipse.jdt.ui",1359674909259
started,bundle,org.eclipse.jface,3.7.0.I20110522-1430,"org.eclipse.jface",1359674909260
started,bundle,org.eclipse.jgit,1.1.0.201109151100-r,"org.eclipse.jgit",1359674909263
started,bundle,org.eclipse.jsch.core,1.1.300.I20110514-0800,"org.eclipse.jsch.core",1359674909268
started,bundle,org.eclipse.ltk.core.refactoring,3.5.201.r371_v20110824-0800,"org.eclipse.ltk.core.refactoring",1359674909268
started,bundle,org.eclipse.ltk.ui.refactoring,3.6.0.v20110505-0800,"org.eclipse.ltk.ui.refactoring",1359674909269
started,bundle,org.eclipse.m2e.logback.configuration,1.0.100.20110804-1717,"org.eclipse.m2e.logback.configuration",1359674909269
started,bundle,org.eclipse.mylyn.bugzilla.core,3.6.2.v20110903-0100,"org.eclipse.mylyn.bugzilla.core",1359674909270
started,bundle,org.eclipse.mylyn.bugzilla.ui,3.6.0.v20110608-1400,"org.eclipse.mylyn.bugzilla.ui",1359674909270
started,bundle,org.eclipse.mylyn.commons.identity,0.8.0.v20110608-1400,"org.eclipse.mylyn.commons.identity",1359674909293
started,bundle,org.eclipse.mylyn.commons.net,3.6.0.v20110608-1400,"org.eclipse.mylyn.commons.net",1359674909293
started,bundle,org.eclipse.mylyn.commons.ui,3.6.1.v20110720-0100,"org.eclipse.mylyn.commons.ui",1359674909294
started,bundle,org.eclipse.mylyn.context.core,3.6.1.v20110720-0100,"org.eclipse.mylyn.context.core",1359674909294
started,bundle,org.eclipse.mylyn.context.ui,3.6.0.v20110608-1400,"org.eclipse.mylyn.context.ui",1359674909294
started,bundle,org.eclipse.mylyn.monitor.ui,3.6.0.v20110608-1400,"org.eclipse.mylyn.monitor.ui",1359674909295
started,bundle,org.eclipse.mylyn.tasks.ui,3.6.2.v20110826-0100,"org.eclipse.mylyn.tasks.ui",1359674909295
started,bundle,org.eclipse.mylyn.team.ui,3.6.1.v20110825-0100,"org.eclipse.mylyn.team.ui",1359674909296
started,bundle,org.eclipse.search,3.7.0.v20110505-0800,"org.eclipse.search",1359674909296
started,bundle,org.eclipse.team.core,3.6.0.I20110525-0800,"org.eclipse.team.core",1359674909297
started,bundle,org.eclipse.team.cvs.core,3.3.400.I20110510-0800,"org.eclipse.team.cvs.core",1359674909297
started,bundle,org.eclipse.team.cvs.ui,3.3.400.I20110510-0800,"org.eclipse.team.cvs.ui",1359674909298
started,bundle,org.eclipse.team.ui,3.6.100.I20110525-0800,"org.eclipse.team.ui",1359674909305
started,bundle,org.eclipse.ui,3.7.0.I20110602-0100,"org.eclipse.ui",1359674909306
started,bundle,org.eclipse.ui.console,3.5.100.v20110511,"org.eclipse.ui.console",1359674909311
started,bundle,org.eclipse.ui.editors,3.7.0.v20110517-0800,"org.eclipse.ui.editors",1359674909311
started,bundle,org.eclipse.ui.forms,3.5.100.v20110425,"org.eclipse.ui.forms",1359674909312
started,bundle,org.eclipse.ui.ide,3.7.0.v20110809-1737,"org.eclipse.ui.ide",1359674909312
started,bundle,org.eclipse.ui.net,1.2.100.I20110511-0800,"org.eclipse.ui.net",1359674909313
started,bundle,org.eclipse.ui.views,3.6.0.I20110412-0800,"org.eclipse.ui.views",1359674909313
started,bundle,org.eclipse.ui.workbench,3.7.0.I20110519-0100,"org.eclipse.ui.workbench",1359674909313
started,bundle,org.eclipse.ui.workbench.texteditor,3.7.0.v20110505-0800,"org.eclipse.ui.workbench.texteditor",1359674909314
started,bundle,org.eclipse.update.configurator,3.3.100.v20100512,"org.eclipse.update.configurator",1359674909314
started,bundle,org.eclipse.update.core,3.2.500.v20110330,"org.eclipse.update.core",1359674909315
started,bundle,org.eclipse.update.scheduler,3.2.300.v20100512,"org.eclipse.update.scheduler",1359674909315
started,bundle,org.eclipse.wb.discovery.core,1.1.0.r37x201109091028,"org.eclipse.wb.discovery.core",1359674909315
os,sysinfo,,,"macosx",1359674909318
arch,sysinfo,,,"x86",1359674909318
ws,sysinfo,,,"cocoa",1359674909318
locale,sysinfo,,,"en_US",1359674909318
processors,sysinfo,,,"2",1359674909318
java.runtime.name,sysinfo,,,"Java(TM) SE Runtime Environment",1359674909318
java.runtime.version,sysinfo,,,"1.6.0_37-b06-434-10M3909",1359674909318
java.specification.name,sysinfo,,,"Java Platform API Specification",1359674909318
java.specification.vendor,sysinfo,,,"Sun Microsystems Inc.",1359674909318
java.specification.version,sysinfo,,,"1.6",1359674909318
java.vendor,sysinfo,,,"Apple Inc.",1359674909318
java.version,sysinfo,,,"1.6.0_37",1359674909318
java.vm.info,sysinfo,,,"mixed mode",1359674909318
java.vm.name,sysinfo,,,"Java HotSpot(TM) Client VM",1359674909318
java.vm.specification.name,sysinfo,,,"Java Virtual Machine Specification",1359674909318
java.vm.specification.vendor,sysinfo,,,"Sun Microsystems Inc.",1359674909318
java.vm.specification.version,sysinfo,,,"1.0",1359674909318
java.vm.vendor,sysinfo,,,"Apple Inc.",1359674909318
java.vm.version,sysinfo,,,"20.12-b01-434",1359674909318
started,bundle,org.eclipse.m2e.usagedata,1.0.100.20110804-1717,"org.eclipse.m2e.usagedata",1359674909321
started,bundle,org.eclipse.wb.discovery.ui,1.1.0.r37x201109091028,"org.eclipse.wb.discovery.ui",1359674909723
deactivated,workbench,org.eclipse.ui.workbench,3.7.0.I20110519-0100,"",1359674926002
activated,workbench,org.eclipse.ui.workbench,3.7.0.I20110519-0100,"",1359674933434
deactivated,workbench,org.eclipse.ui.workbench,3.7.0.I20110519-0100,"",1359674951791
activated,workbench,org.eclipse.ui.workbench,3.7.0.I20110519-0100,"",1359674953955
deactivated,workbench,org.eclipse.ui.workbench,3.7.0.I20110519-0100,"",1359674957593
activated,workbench,org.eclipse.ui.workbench,3.7.0.I20110519-0100,"",1359675031787
deactivated,workbench,org.eclipse.ui.workbench,3.7.0.I20110519-0100,"",1359675032831
activated,workbench,org.eclipse.ui.workbench,3.7.0.I20110519-0100,"",1359675035085
started,bundle,org.eclipse.wb.core.lib,1.1.0.r37x201109091012,"org.eclipse.wb.core.lib",1359675054294
started,bundle,org.eclipse.wb.core,1.1.0.r37x201109091012,"org.eclipse.wb.core",1359675054295
executed,command,org.eclipse.ui,3.7.0.I20110602-0100,"org.eclipse.ui.file.save",1359675054387
started,bundle,org.eclipse.debug.ui,3.7.101.v20110817_r371,"org.eclipse.debug.ui",1359675056404
started,bundle,org.eclipse.jdt.debug,3.7.1.v20110802_r371,"org.eclipse.jdt.debug",1359675056648
started,bundle,org.eclipse.jdt.debug.ui,3.6.1.v20110803_r371,"org.eclipse.jdt.debug.ui",1359675056900
started,bundle,org.eclipse.m2e.launching,1.0.100.20110804-1717,"org.eclipse.m2e.launching",1359675058357
opened,view,org.eclipse.ui.console,3.5.100.v20110511,"org.eclipse.ui.console.ConsoleView",1359675059081
deactivated,workbench,org.eclipse.ui.workbench,3.7.0.I20110519-0100,"",1359675063718
activated,workbench,org.eclipse.ui.workbench,3.7.0.I20110519-0100,"",1359675066374
executed,command,org.eclipse.ui,3.7.0.I20110602-0100,"org.eclipse.ui.file.save",1359675089461
deactivated,workbench,org.eclipse.ui.workbench,3.7.0.I20110519-0100,"",1359675090839
activated,workbench,org.eclipse.ui.workbench,3.7.0.I20110519-0100,"",1359675198204
executed,command,org.eclipse.ui,3.7.0.I20110602-0100,"org.eclipse.ui.file.save",1359675204973
executed,command,org.eclipse.ui,3.7.0.I20110602-0100,"org.eclipse.ui.file.save",1359675211877
deactivated,workbench,org.eclipse.ui.workbench,3.7.0.I20110519-0100,"",1359675226237
activated,workbench,org.eclipse.ui.workbench,3.7.0.I20110519-0100,"",1359675226449
executed,command,org.eclipse.ui,3.7.0.I20110602-0100,"org.eclipse.ui.file.save",1359675228513
started,bundle,org.eclipse.mylyn.java.tasks,3.6.0.v20110608-1400,"org.eclipse.mylyn.java.tasks",1359675228541
activated,view,org.eclipse.ui.console,3.5.100.v20110511,"org.eclipse.ui.console.ConsoleView",1359675231483
activated,editor,org.eclipse.jdt.ui,3.7.1.r371_v20110824-0800,"org.eclipse.jdt.ui.CompilationUnitEditor",1359675234722
executed,command,org.eclipse.ui,3.7.0.I20110602-0100,"org.eclipse.ui.file.save",1359675239052
deactivated,workbench,org.eclipse.ui.workbench,3.7.0.I20110519-0100,"",1359675242296
activated,workbench,org.eclipse.ui.workbench,3.7.0.I20110519-0100,"",1359675355469
deactivated,workbench,org.eclipse.ui.workbench,3.7.0.I20110519-0100,"",1359675358233
activated,workbench,org.eclipse.ui.workbench,3.7.0.I20110519-0100,"",1359675428562
deactivated,workbench,org.eclipse.ui.workbench,3.7.0.I20110519-0100,"",1359675431097
activated,workbench,org.eclipse.ui.workbench,3.7.0.I20110519-0100,"",1359675435584
deactivated,workbench,org.eclipse.ui.workbench,3.7.0.I20110519-0100,"",1359675438679
activated,workbench,org.eclipse.ui.workbench,3.7.0.I20110519-0100,"",1359675500728
started,bundle,org.eclipse.mylyn.ide.ui,3.6.0.v20110608-1400,"org.eclipse.mylyn.ide.ui",1359675504931
started,bundle,org.eclipse.mylyn.java.ui,3.6.0.v20110608-1400,"org.eclipse.mylyn.java.ui",1359675504957
executed,command,org.eclipse.ui,3.7.0.I20110602-0100,"org.eclipse.ui.file.save",1359675528041
deactivated,workbench,org.eclipse.ui.workbench,3.7.0.I20110519-0100,"",1359675533989
activated,workbench,org.eclipse.ui.workbench,3.7.0.I20110519-0100,"",1359675944994
executed,command,org.eclipse.ui,3.7.0.I20110602-0100,"org.eclipse.ui.file.save",1359675952549
executed,command,org.eclipse.ui,3.7.0.I20110602-0100,"org.eclipse.ui.file.save",1359675968417
deactivated,workbench,org.eclipse.ui.workbench,3.7.0.I20110519-0100,"",1359675973366
activated,workbench,org.eclipse.ui.workbench,3.7.0.I20110519-0100,"",1359675988718
deactivated,workbench,org.eclipse.ui.workbench,3.7.0.I20110519-0100,"",1359676049211
activated,workbench,org.eclipse.ui.workbench,3.7.0.I20110519-0100,"",1359676087259
deactivated,workbench,org.eclipse.ui.workbench,3.7.0.I20110519-0100,"",1359676108240
activated,workbench,org.eclipse.ui.workbench,3.7.0.I20110519-0100,"",1359676111753
executed,command,org.eclipse.ui,3.7.0.I20110602-0100,"org.eclipse.ui.file.save",1359676144794
deactivated,workbench,org.eclipse.ui.workbench,3.7.0.I20110519-0100,"",1359676146024
activated,workbench,org.eclipse.ui.workbench,3.7.0.I20110519-0100,"",1359676148250
executed,command,org.eclipse.ui,3.7.0.I20110602-0100,"org.eclipse.ui.file.save",1359676150585
executed,command,org.eclipse.ui.workbench.texteditor,3.7.0.v20110505-0800,"org.eclipse.ui.edit.text.goto.wordPrevious",1359676156615
deactivated,workbench,org.eclipse.ui.workbench,3.7.0.I20110519-0100,"",1359676157080
activated,workbench,org.eclipse.ui.workbench,3.7.0.I20110519-0100,"",1359676260755
deactivated,workbench,org.eclipse.ui.workbench,3.7.0.I20110519-0100,"",1359676262285
activated,workbench,org.eclipse.ui.workbench,3.7.0.I20110519-0100,"",1359676291037
deactivated,workbench,org.eclipse.ui.workbench,3.7.0.I20110519-0100,"",1359676291629
activated,workbench,org.eclipse.ui.workbench,3.7.0.I20110519-0100,"",1359677261095
executed,command,org.eclipse.ui,3.7.0.I20110602-0100,"org.eclipse.ui.file.save",1359677268356
executed,command,org.eclipse.ui,3.7.0.I20110602-0100,"org.eclipse.ui.file.save",1359677270402
executed,command,org.eclipse.ui,3.7.0.I20110602-0100,"org.eclipse.ui.file.save",1359677279069
deactivated,workbench,org.eclipse.ui.workbench,3.7.0.I20110519-0100,"",1359677296498
activated,workbench,org.eclipse.ui.workbench,3.7.0.I20110519-0100,"",1359677379588
deactivated,workbench,org.eclipse.ui.workbench,3.7.0.I20110519-0100,"",1359677380447
activated,workbench,org.eclipse.ui.workbench,3.7.0.I20110519-0100,"",1359677589858
deactivated,workbench,org.eclipse.ui.workbench,3.7.0.I20110519-0100,"",1359677590728
activated,workbench,org.eclipse.ui.workbench,3.7.0.I20110519-0100,"",1359678695618
executed,command,org.eclipse.ui,3.7.0.I20110602-0100,"org.eclipse.ui.file.save",1359678702370
executed,command,org.eclipse.ui,3.7.0.I20110602-0100,"org.eclipse.ui.file.save",1359678772639
deactivated,workbench,org.eclipse.ui.workbench,3.7.0.I20110519-0100,"",1359678776058
activated,workbench,org.eclipse.ui.workbench,3.7.0.I20110519-0100,"",1359678823225
deactivated,workbench,org.eclipse.ui.workbench,3.7.0.I20110519-0100,"",1359678823616
activated,workbench,org.eclipse.ui.workbench,3.7.0.I20110519-0100,"",1359678824432
deactivated,workbench,org.eclipse.ui.workbench,3.7.0.I20110519-0100,"",1359678841790
activated,workbench,org.eclipse.ui.workbench,3.7.0.I20110519-0100,"",1359678886553
deactivated,workbench,org.eclipse.ui.workbench,3.7.0.I20110519-0100,"",1359678910236
activated,workbench,org.eclipse.ui.workbench,3.7.0.I20110519-0100,"",1359678911608
executed,command,org.eclipse.ui,3.7.0.I20110602-0100,"org.eclipse.ui.file.save",1359678947393
deactivated,workbench,org.eclipse.ui.workbench,3.7.0.I20110519-0100,"",1359678949907
activated,workbench,org.eclipse.ui.workbench,3.7.0.I20110519-0100,"",1359678953653
deactivated,workbench,org.eclipse.ui.workbench,3.7.0.I20110519-0100,"",1359678954309
activated,workbench,org.eclipse.ui.workbench,3.7.0.I20110519-0100,"",1359679016487
executed,command,org.eclipse.ui,3.7.0.I20110602-0100,"org.eclipse.ui.file.save",1359679050723
executed,command,org.eclipse.ui,3.7.0.I20110602-0100,"org.eclipse.ui.file.save",1359679073980
deactivated,workbench,org.eclipse.ui.workbench,3.7.0.I20110519-0100,"",1359679078055
activated,workbench,org.eclipse.ui.workbench,3.7.0.I20110519-0100,"",1359679155028
deactivated,workbench,org.eclipse.ui.workbench,3.7.0.I20110519-0100,"",1359679159716
activated,workbench,org.eclipse.ui.workbench,3.7.0.I20110519-0100,"",1359679160999
executed,command,org.eclipse.ui,3.7.0.I20110602-0100,"org.eclipse.ui.file.save",1359679171680
deactivated,workbench,org.eclipse.ui.workbench,3.7.0.I20110519-0100,"",1359679172075
activated,workbench,org.eclipse.ui.workbench,3.7.0.I20110519-0100,"",1359679202305
deactivated,workbench,org.eclipse.ui.workbench,3.7.0.I20110519-0100,"",1359679216562
activated,workbench,org.eclipse.ui.workbench,3.7.0.I20110519-0100,"",1359679217655
executed,command,org.eclipse.ui,3.7.0.I20110602-0100,"org.eclipse.ui.file.save",1359679244249
deactivated,workbench,org.eclipse.ui.workbench,3.7.0.I20110519-0100,"",1359679245059
activated,workbench,org.eclipse.ui.workbench,3.7.0.I20110519-0100,"",1359679247397
deactivated,workbench,org.eclipse.ui.workbench,3.7.0.I20110519-0100,"",1359679257193
activated,workbench,org.eclipse.ui.workbench,3.7.0.I20110519-0100,"",1359679258644
deactivated,workbench,org.eclipse.ui.workbench,3.7.0.I20110519-0100,"",1359679260458
activated,workbench,org.eclipse.ui.workbench,3.7.0.I20110519-0100,"",1359679314324
deactivated,workbench,org.eclipse.ui.workbench,3.7.0.I20110519-0100,"",1359679317015
activated,workbench,org.eclipse.ui.workbench,3.7.0.I20110519-0100,"",1359679327697
deactivated,workbench,org.eclipse.ui.workbench,3.7.0.I20110519-0100,"",1359679328784
activated,workbench,org.eclipse.ui.workbench,3.7.0.I20110519-0100,"",1359679386203
deactivated,workbench,org.eclipse.ui.workbench,3.7.0.I20110519-0100,"",1359679387025
activated,workbench,org.eclipse.ui.workbench,3.7.0.I20110519-0100,"",1359679435103
deactivated,workbench,org.eclipse.ui.workbench,3.7.0.I20110519-0100,"",1359679435619
activated,workbench,org.eclipse.ui.workbench,3.7.0.I20110519-0100,"",1359679443340
deactivated,workbench,org.eclipse.ui.workbench,3.7.0.I20110519-0100,"",1359679457449
activated,workbench,org.eclipse.ui.workbench,3.7.0.I20110519-0100,"",1359679488251
deactivated,workbench,org.eclipse.ui.workbench,3.7.0.I20110519-0100,"",1359679526568
activated,workbench,org.eclipse.ui.workbench,3.7.0.I20110519-0100,"",1359679532460
executed,command,org.eclipse.ui,3.7.0.I20110602-0100,"org.eclipse.ui.file.save",1359679557915
deactivated,workbench,org.eclipse.ui.workbench,3.7.0.I20110519-0100,"",1359679612494
activated,workbench,org.eclipse.ui.workbench,3.7.0.I20110519-0100,"",1359679616929
deactivated,workbench,org.eclipse.ui.workbench,3.7.0.I20110519-0100,"",1359679617341
